image,title,sub_title,price,sale,unit,delivery_type,weigth,shipping_type,origin,allergen,shelf_life,information,sub_product_name_list,sub_product_price_list,product_image,check_point_image,description_title,description_content,description_image
https://img-cf.kurly.com/shop/data/goods/1591680013399y0.jpg,춘천 국물 닭갈비 떡볶이,닭갈비와 떡볶이의 오묘한 조화,"11,900원",0%,1개,샛별배송/택배배송,950g,냉동/종이포장,,"- 닭고기, 밀, 대두, 쇠고기 함유",,,[],[],https://img-cf.kurly.com/shop/data/goodsview/20200609/gv00000099894_1.jpg,https://img-cf.kurly.com/shop/data/goodsview/20200609/gv10000099893_1.jpg,"닭갈비와 떡볶이의 오묘한 조화
춘천 국물 닭갈비 떡볶이","떡볶이에 닭갈비을 넣어 먹는다고 하면 어딘가 어색하게 느껴지지만, 한 번 그 맛을 본 사람은 또 찾을 수밖에 없을 정도로 중독적이라고 하죠. 이번에 컬리는 닭갈비와 떡볶이의 오묘한 조화가 느껴지는 춘천 국물 닭 떡볶이를 소개합니다. 고구마와 양배추를 넣은 닭갈비에 밀떡, 소스를 함께 담은 제품이라 여럿이 든든하게 나누어 먹기 좋아요. 매콤달콤한 국물이 넉넉해 우동이나 라면 등의 사리를 더하기에도 부족함이 없지요. 남은 양념에는 밥을 볶아 맛있게 마무리하세요.",https://img-cf.kurly.com/shop/data/goodsview/20200609/gv30000099867_1.jpg
https://img-cf.kurly.com/shop/data/goods/1513830568464y0.jpg,[올반] 소불고기 (호주산),얇게 썰어 식감을 살린 살코기에 올반 소불고기 양념으로 재운 부드러운 소불고기 (1인분),"5,900원",0%,1개,샛별배송/택배배송,160g (1인분),냉동/종이포장,주원료: 호주산,"- 대두, 밀, 쇠고기 함유",,"[1인분]으로 적합한 소용량 (160g)이며, 개인편차에 따라 양이 작게 느끼실수 있습니다. 조리 시에 양파, 버섯, 대파 등의 야채를 추가하여 함께 즐기시면 더욱 좋습니다.",[],[],https://img-cf.kurly.com/shop/data/goodsview/20171221/gv00000014721_1.jpg,https://img-cf.kurly.com/shop/data/goodsview/20180130/gv10000017116_1.jpg,"정갈한 재료, 간편한 조리
[올반] 소불고기 (호주산)","푸짐하고 든든한 반찬이 당길 때나 온 가족이 둘러앉아 맛있는 음식을 나누고 싶을 땐 소불고기만한 음식이 없습니다. 잔칫상이나 생일상 등 기쁨을 나누는 자리에서 소불고기가 없다면 어딘가 서운하죠. 하지만 일일이 재료를 구입해 집에서 만들기에는 번거롭고, 시중에 나와있는 제품은 양이 많아 부담스러울 때가 있습니다. 이제는 부담 없이 한 번 먹기 좋은 만큼 담아낸 올반의 소불고기를 만나보세요. 청정한 호주산 소고기의 척롤 부위만을 골라 특제 양념으로 재운 불고기는 식감도 맛도 나무랄 데가 없어요. 야채를 넣어 자작한 불고기로, 프라이팬에서 바짝 구워 바싹 불고기로 취향 따라 즐기기에도 좋답니다.",https://img-cf.kurly.com/shop/data/goodsview/20171221/gv10000014718_1.jpg
https://img-cf.kurly.com/shop/data/goods/1540790603716y0.jpg,[위드진해] 곱창전골,끓여서 더 좋은 곱창의 진한 매력,"19,500원",0%,1팩,샛별배송/택배배송,380g 내외,냉동/종이포장,,"- 쇠고기, 대두, 밀, 땅콩 함유",,곱창의 특성상 약간의 쓴맛이 나실 수 있으니 섭취 시 참고부탁드립니다.,[],[],https://img-cf.kurly.com/shop/data/goodsview/20191231/gv20000076098_1.jpg,https://img-cf.kurly.com/shop/data/goodsview/20181029/gv20000034287_1.jpg,"끓여서 더 좋은 곱창의 진한 매력
[위드진해] 곱창전골","곱창 하면 불판 위에서 지글지글 구워지는 모습이 제일 먼저 떠오릅니다. 하지만 곱창의 맛을 아는 분들은 곱창전골도 즐겨 찾으시죠. 끓이면 끓일수록 얼큰한 국물 속에 고소한 곱이 녹아들고, 갖은 야채며 사리를 넣기에도 좋아 술안주는 물론 해장용으로도 딱 맞춤이에요. 컬리는 가정에서도 그 진한 매력을 맛보실 수 있게 위드진해의 곱창전골을 준비했습니다. 위드진해는 질 좋은 블랙앵거스 곱창을 깔끔하게 손질한 후 질기지 않도록 살짝 데치고, 가볍게 마리네이드 하여 쫀득한 식감과 깔끔한 맛을 냈어요. 와규 삼겹 양지와 양념장까지 보내드리니 야채와 사리만 준비해두세요. 전골용 냄비에 재료를 차곡차곡 넣고 푹 끓이기만 하면 맛있는 곱창전골이 만들어집니다.",https://img-cf.kurly.com/shop/data/goodsview/20181029/gv40000034286_1.jpg
https://img-cf.kurly.com/shop/data/goods/1481095558361y0.jpg,[존쿡 델리미트] 바베큐 백립 450g (냉동),훈연향 가득한 정통 바베큐 백립,"15,000원",0%,1개,샛별배송/택배배송,450g,냉동/종이포장,,"- 돼지고기, 대두, 토마토, 아황산류 함유",제조일로부터 9개월,수령 후 즉시 냉동보관하시기 바랍니다.,[],[],https://img-cf.kurly.com/shop/data/goodsview/20200617/gv00000101730_1.jpg,https://img-cf.kurly.com/shop/data/goodsview/20191031/gv20000066570_1.jpg,"훈연향 가득한 정통 바베큐
[존쿡 델리미트]
바베큐 백립","두툼하면서도 부드럽게 찢어지는 살코기와 새콤달콤한 소스의 풍미까지 갖춘 바베큐 립은 식탁에 하나만 있어도 포인트가 되는 음식이지요. 하지만 직접 요리하기엔 번거롭고, 힘들게 완성해도 막상 원하는 맛을 내기 어려운 메뉴이기도 합니다. 그래서 컬리가 소개하는 제품, 바로 존쿡 델리미트의 바베큐 백립입니다. 오랜 시간 뜨거운 불 앞에서 공을 들여 훈연 향을 입힌 장인의 바베큐를 그대로 재현해냈어요. 존쿡 델리미트의 매장에서 판매되는 바베큐 립의 풍부한 맛과 향을 이제 식탁에도 재현해보세요.",https://img-cf.kurly.com/shop/data/goodsview/20191031/gv30000066569_1.jpg
https://img-cf.kurly.com/shop/data/goods/1534916808509y0.jpg,[푸드렐라] 석쇠닭갈비,쫄깃한 닭다리살에 불맛을 입힌 직화 닭갈비,"8,900원",35%,PK,샛별배송/택배배송,300g,냉동/종이포장,,"- 대두, 밀, 아황산류, 닭고기, 쇠고기, 조개류 함유",,"별도의 성형 과정을 거친 제품이 아니므로 원육의 크기, 해동 시간에 따라 조리시간 조정이 필요한 상품입니다.",[],[],https://img-cf.kurly.com/shop/data/goodsview/20180813/gv00000029165_1.jpg,https://img-cf.kurly.com/shop/data/goodsview/20180813/gv10000029162_1.jpg,"쫄깃한 닭다리살에 불맛을 입힌 직화 닭갈비
[푸드렐라] 석쇠닭갈비","닭다리살은 호불호 없이 모두에게 사랑받는 부위인 것 같아요. 탱글탱글한 살을 입에 넣으면 부드러우면서도 쫄깃한 식감이 느껴지죠. 탄력 있는 육질 덕분에 수분이 쉽게 빠져나가지 못해 어떻게 조리해도 풍부한 육즙을 잃어버리지 않아요. 이렇게 맛난 닭다리살에 직화 방식으로 숯불향을 입힌 닭갈비를 소개합니다. 석쇠 위에서 초벌해 기름기를 뺐지만, 촉촉함은 여전히 살아있어요. 인위적으로 낸 맛이 아니기 때문에 닭고기 속까지 훈연향이 깊게 배어 있어요. 숯불 구이 본연의 감칠맛을 충분히 느낄 수 있도록 자극적인 양념을 더하지 않은 것도 특징이에요. 그대로 먹거나 각종 요리에 활용해보세요. 닭갈비를 잘게 깍둑썰어 볶음밥에 넣거나 한 입 크기로 잘라 파프리카, 떡 등과 함께 닭꼬치를 만들어도 좋아요.



영상으로 미리 만나는 석쇠닭갈비",https://img-cf.kurly.com/shop/data/goodsview/20180813/gv30000029161_1.jpg
https://img-cf.kurly.com/shop/data/goods/1566979745530y0.jpg,[미트클레버] 흑돼지 고추장 불고기,매콤달콤한 양념에 숙성한 흑돼지 불고기,"9,800원",0%,1팩,샛별배송/택배배송,550g,냉동/종이포장,,"- 돼지고기, 대두, 밀, 우유 함유",,,[],[],https://img-cf.kurly.com/shop/data/goodsview/20190826/gv10000060248_1.jpg,https://img-cf.kurly.com/shop/data/goodsview/20190826/gv00000060244_1.jpg,"매콤달콤한 양념에 숙성한 흑돼지 불고기
[미트클레버]
흑돼지 고추장 불고기","매콤달콤한 고추장 양념의 돼지 불고기를 달달 볶아 먹으면 어딘가 모르게 친근한 맛에 자꾸만 손이 가게 되죠. 가정에서 즐기려면 고추장 비율에 특히 신경써야 하는데요. 미트클레버의 노하우가 깃든 특제소스가 밴 고추장 흑돼지 불고기를 컬리에서 만나보세요. 국내산 흑돼지의 뒷다리살을 얇게 슬라이스 한 뒤 고추장 소스에 숙성하여 냉동 포장한 제품입니다. 원육을 부드럽게 하고, 고기의 잡내를 제거하고자 배와, 사과도 곱게 갈아 넣었습니다. 양파나 대파, 고추 등 기타 부재료를 별도로 추가하여 구워 상에 내어 보세요. 근사한 한상차림이 뚝딱 완성될 거예요. 알찬 맛을 내기 위해 모차렐라 슈레드 치즈도 따로 포장하여 보내 드리니, 불고기 위에 토핑으로 올리거나 남은 양념에 밥을 볶아 곁들여보세요.",https://img-cf.kurly.com/shop/data/goodsview/20190828/gv40000060243_1.jpg
https://img-cf.kurly.com/shop/data/goods/1549594672185y0.jpg,[산줄리아노] 바베큐 폭립 2종,이것은 모짜렐라인가 폭립인가? 바베큐&모짜렐라 폭립 2종 출시!,"15,900원",20%,1개,샛별배송/택배배송,500g/ 600g,냉동/종이포장,,"- 쇠고기, 대두,밀,쇠고기,우유 토마토 함유",,모짜렐라 폭립 옵셥은 2019년 5월 1일 주문건 부터 제조시설 변경분이 출고될 예정이오니 구매에 참고 부탁드립니다.,"['[산줄리아노] 바베큐 폭립', '[산줄리아노] 모짜렐라 폭립']","['15,900원', '16,900원']",https://img-cf.kurly.com/shop/data/goodsview/20190430/gv30000049126_1.jpg,https://img-cf.kurly.com/shop/data/goodsview/20190208/gv10000042864_1.jpg,"스페인산 로인립의 든든한 맛
[산줄리아노]
바베큐 폭립 2종","달큰한 감칠맛의 폭립은 연령과 성별을 불문하고 누구나 즐겨먹는 음식이에요. 컬리는 여러 폭립 중에서도 원육부터 색다른 제품을 발견했습니다. 돼지 한 마리에서 딱 두 쪽밖에 나오지 않는 로인립을 이용한 바베큐 폭립이랍니다. 등심과 갈빗살이 함께 붙어 있어 담백하면서도 육향이 진하고 육즙의 감칠맛이 풍부해요. 산줄리아노는 돼지고기의 잡냄새는 깔끔하게 잡고, 로인립의 맛은 유지하기 위해 꼬박 하루 동안 핏물을 제거합니다. 이후 새콤달콤한 소스를 고루 발라 맛을 완성하지요. 노릇노릇하게 구운 폭립으로 든든한 한 상을 차려보세요. 가니쉬를 듬뿍 곁들인다면 바베큐 폭립을, 고소한 치즈 소스를 맛보고 싶다면 모짜렐라 폭립을 권해드릴게요.",https://img-cf.kurly.com/shop/data/goodsview/20190208/gv40000042863_1.jpg
https://img-cf.kurly.com/shop/data/goods/1557455930247y0.jpg,[삼원가든] 등심 불고기,불고기의 정석,"19,000원",0%,1팩,샛별배송/택배배송,400g,냉동/종이포장,,"- 대두, 밀, 소고기 함유",,,[],[],https://img-cf.kurly.com/shop/data/goodsview/20200629/gv40000104120_1.jpg,https://img-cf.kurly.com/shop/data/goodsview/20190510/gv30000049855_1.jpg,"불고기의 정석
[삼원가든] 등심 불고기","'강남에서 좋은 고기를 먹을 수 있는 곳'하면 삼원가든의 이름을 빼놓을 수 없습니다. 1976년 창립한 이래로 품질이 뛰어난 원료육만을 고집하며 굳건히 외식 명가의 자리를 지켜왔지요. 그리고 삼원가든은 이제 그 맛을 누구나, 언제나, 어디에서나 즐기실 수 있도록 간편식 제품을 선보입니다. 그 첫걸음이 바로 컬리와 함께 개발한 등심 불고기예요. 컬리의 상품기획자와 삼원가든은 삼 개월 이상 머리를 맞대고 고민을 거듭했어요. 질 좋은 등심을 골라 너무 짜거나 달지 않게 양념하고, 제대로 맛을 내려 수없는 테스트를 거친 결과 삼원가든의 맛을 온전히 담아낸 등심 불고기가 탄생했죠. 불고기의 정석이라 불러도 좋은 그 맛, 가정에서 편하게 만나보세요.",https://img-cf.kurly.com/shop/data/goodsview/20190510/gv40000049854_1.jpg
https://img-cf.kurly.com/shop/data/goods/1592556060281y0.jpg,"[LOTS OF GREEN] 콩으로, 짜장소스",고기 없이도 진하게 즐기는 짜장의 맛,"3,300원",0%,1팩,샛별배송/택배배송,180g,냉동/종이포장,,"-대두, 밀 함유",,전자레인지/중탕이 가능한 포장지입니다.,[],[],https://img-cf.kurly.com/shop/data/goodsview/20200703/gv40000105408_1.jpg,https://img-cf.kurly.com/shop/data/goodsview/20200619/gv20000102330_1.jpg,"고기 없이도 진한 비건 짜장
[LOTS OF GREEN]
콩으로, 짜장소스","그동안 외식 메뉴로 짜장면을 먹을 수 없었던 채식주의자의 섭섭함을 달래기에 충분한 짜장 소스를 소개할게요. 컬리와 함께 비건 메뉴 선택의 폭을 넓혀가는 브랜드, LOTS OF GREEN에서 개발한 제품이에요. 고기 대신 콩으로 만든 고기와 각종 채소를 듬뿍 넣어 감칠맛과 식감이 풍부해요. 설탕은 최소화하고 양파, 단호박, 고구마, 양배추에서 우러나는 자연스러운 단맛을 살려 많이 먹어도 질리지 않죠. 비건이 아니어도 맛있는 짜장 요리를 더 건강하고 가볍게 즐기고 싶은 분들께 추천해드릴게요. 말하지 않으면 비건 제품인지 모를 정도의 맛이랍니다.",https://img-cf.kurly.com/shop/data/goodsview/20200619/gv00000102329_1.jpg
https://img-cf.kurly.com/shop/data/goods/1574390657760y0.jpg,[모노키친] 멘보샤,에어프라이어 전용 별미 튀김요리,"9,900원",0%,1팩,샛별배송/택배배송,30g X 10개입,냉동/종이포장,,"- 새우, 밀, 달걀 함유",,,[],[],https://img-cf.kurly.com/shop/data/goodsview/20191122/gv40000069225_1.jpg,https://img-cf.kurly.com/shop/data/goodsview/20191122/gv40000069221_1.jpg,"간편하게 맛보는 별미 튀김요리
[모노키친] 멘보샤","빵속에 곱게 다진 새우를 넣고 튀겼을 뿐이지만, 한 번 먹어보면 꾸준한 인기를 인정할 수밖에 없는 멘보샤. 조리 과정 자체가 복잡한 편은 아니지만, 직접 도전하기 망설여진다면 모노키친 멘보샤를 준비해보세요. 재료를 준비하고 손질하는 번거로움을 말끔히 덜어낸 상품이에요. 이미 유탕처리까지 마쳤기에 에어프라이어나 팬에 가볍게 튀겨 주면 되는데요. 간편함에만 집중하지 않고, 직접 새우와 연육을 고루 섞어 깊은 고소함을 재현해냈어요. 촉촉함을 머금은 바삭한 빵과 그 속을 채운 새우의 탱글함을 오롯이 느낄 수 있답니다.",https://img-cf.kurly.com/shop/data/goodsview/20191122/gv10000069220_1.jpg
https://img-cf.kurly.com/shop/data/goods/1593511225821y0.jpg,[화오미] 마라샹궈,알싸한 마라향의 향연,"6,900원",0%,1팩,샛별배송/택배배송,250g,냉동/종이포장,,"-대두,밀,쇠고기,조개류(굴),닭고기,땅콩,계란,이산화항 함유",수령일포함 165일 남은 상품을 보내드립니다.,,[],[],https://img-cf.kurly.com/shop/data/goodsview/20200630/gv00000104614_1.jpg,https://img-cf.kurly.com/shop/data/goodsview/20200630/gv10000104611_1.jpg,"알싸한 마라향의 향연
[화오미] 마라샹궈","특유의 매콤함과 톡 쏘는 알싸한 풍미 덕분에 마라를 활용한 중국 음식을 즐겨 드시는 분들 많으시지요? 많은 분의 사랑을 받는 중국의 대표 음식 마라샹궈가 이제 집으로 찾아갑니다. 오늘 컬리가 준비한 화오미의 마라샹궈는 매운맛보다 마라 특유의 얼얼한 맛을 극대화시킨 제품이에요. 덕분에 마라샹궈를 좋아하지만, 매운 음식엔 약하신 분들도 부담 없이 즐길 수 있을 거예요. 당면뿐만 아니라, 푸주와 피쉬볼, 포두부, 청경채 등 다채로운 토핑을 쏙쏙 건져 먹는 재미도 쏠쏠하고요. 전자레인지에 데우면 바로 완성되는 마라샹궈로 마라의 매력을 한껏 즐겨보세요.",https://img-cf.kurly.com/shop/data/goodsview/20200630/gv10000104610_1.jpg
https://img-cf.kurly.com/shop/data/goods/158987242740y0.jpg,[만족오향족발] 앞다리 슬라이스&미니족 세트,마니아가 사랑하는 바로 그 메뉴,"12,900원",0%,1개,샛별배송/택배배송,380g,냉장/종이포장,,"- 밀, 대두, 쇠고기, 돼지고기 함유",수령일 포함 최소 15일 이상 남은 제품을 보내드립니다.,,[],[],https://img-cf.kurly.com/shop/data/goodsview/20200519/gv30000096146_1.jpg,https://img-cf.kurly.com/shop/data/goodsview/20200519/gv40000096138_1.jpg,"마니아가 사랑하는 바로 그 메뉴
[만족오향족발] 앞다리
슬라이스&미니족 세트","족발 좀 먹어봤다고 자부한다면 이곳의 이름을 그냥 지나칠 수가 없죠. 맛 하나만으로 문전성시를 이루는 곳, 바로 만족오향족발입니다. 깔끔한 감칠맛과 식욕을 자극하는 향기, 쫄깃하면서도 촉촉한 식감을 모두 갖춰 서울 내에서도 손꼽히는 족발집으로 통하는데요. 이번에 컬리는 만족오향족발의 앞다리 슬라이스와 미니족을 세트로 선보입니다. 여기에 입안을 말끔하게 씻어주는 마늘 소스와 새우젓까지 준비했으니 간단히 데우기만 하세요. 줄을 서지 않고도 소문난 맛집의 메뉴가 우리 집 식탁에 그대로 펼쳐진답니다.",https://img-cf.kurly.com/shop/data/goodsview/20200519/gv40000096137_1.jpg
https://img-cf.kurly.com/shop/data/goods/1544421947284y0.jpg,[탐나는 밥상] 밀푀유나베,정갈한 담음새가 돋보이는,"15,000원",0%,1묶음,샛별배송/택배배송,밀푀유나베(450g) + 육수 1L,냉장/종이포장,,"- 밀푀유나베: 쇠고기함유 / 난류,우유,메밀,땅콩,고등어,게,새우,돼지고기,토마토,복숭아,아황산염,호두,닭고기,쇠고기,오징어,조개류(굴,전복,홍합) 와 같은 시설에서 제조",수령일 포함 최소 2일 남은 제품을 보내드립니다,,[],[],https://img-cf.kurly.com/shop/data/goodsview/20200821/gv40000115471_1.jpg,https://img-cf.kurly.com/shop/data/goodsview/20181210/gv40000038159_1.jpg,"정갈한 담음새가 돋보이는
[탐나는 밥상] 밀푀유나베","밀푀유나베는 '천 겹의 잎사귀'라는 의미를 담은 프랑스어 밀푀유(mille feuille)에 냄비, 또는 냄비로 만든 요리를 뜻하는 일본어 나베(なべ)를 더한 이름이에요. 그 이름답게 밀푀유나베는 갖가지 재료를 켜켜이 쌓고 육수를 부어 보글보글 끓여 먹는 음식입니다. 알배추가 품고 있는 달큰함과 소고기의 육즙이 멸치육수에 스며들기에 끓이면 끓일수록 감칠맛이 진해지지요. 재료를 겹쳐 쌓는 과정이 번거롭게 느껴졌다면 간편하게 먹을 수 있는 탐나는 밥상의 밀푀유나베를 권해드릴게요. 따뜻한 국물 요리가 생각나는 날 정갈한 담음새가 돋보이는 한 그릇으로 즐거움을 나눠보세요.",https://img-cf.kurly.com/shop/data/goodsview/20181210/gv00000038100_1.jpg
https://img-cf.kurly.com/shop/data/goods/1547536924835y0.jpg,[한일관] 서울불고기,보다 쫄깃해진 촉촉한 불고기,"16,800원",0%,1pack,샛별배송/택배배송,500g/ 2인분,냉장/종이포장,쇠고기(미국산),"- 대두, 밀, 쇠고기 함유",포장일로부터 최소 4일 이내 제품을 보내 드립니다,본 상품은 한정수량 생산되는 관계로 조기 품절될 수 있습니다.,[],[],https://img-cf.kurly.com/shop/data/goodsview/20200130/gv20000079637_1.jpg,https://img-cf.kurly.com/shop/data/goodsview/20190115/gv40000041658_1.jpg,"보다 쫄깃해진 촉촉한 불고기
[한일관] 서울불고기","한일관은 국물이 자작한 서울식 불고기의 원조이죠. 야들야들한 고기와 달짝지근한 감칠맛은 세월이 흘러도 맛에는 변함이 없답니다. ‘등심 불고기’로 먼저 선보인 한일관 불고기를 보다 많은 분들에게 합리적인 가격으로 전해드리고 싶어, 컬리와 한일관이 또다시 마음을 모았어요. 불고기 부위를 기존 등심 부위에서 소고기의 척아이롤(목등심)로 대신했지요. 척아이롤은 쫄깃한 식감과 풍성한 육즙을 자랑하는 부위로, 가격을 확 낮췄지만 씹는 맛이 좋아 또 다른 매력을 즐길 수 있답니다. 맛은 한일관 매장에서 경험했던 그 맛 그대로이니, 아직 접하지 못했다면 꼭 만나보세요. 특제 양념장에 재운 불고기와 자작한 육수의 만남은 푸짐함을 넘어 대를 잇는 감동을 선사할 테니까요.",https://img-cf.kurly.com/shop/data/goodsview/20190115/gv40000041657_1.jpg
https://img-cf.kurly.com/shop/data/goods/1591177007541y0.jpg,[화오미] 마파두부,부드러운 두부 식감이 가득한 마파두부,"5,300원",0%,1팩,샛별배송/택배배송,250g,냉동/종이포장,,"-대두,돼지고기,밀,-조개류(굴), 닭고기 함유",수령일 포함 200일 남은 상품을 보내드립니다.,,[],[],https://img-cf.kurly.com/shop/data/goodsview/20200603/gv40000098969_1.jpg,https://img-cf.kurly.com/shop/data/goodsview/20200603/gv20000098967_1.jpg,"부드러운 두부 식감이 가득
[화오미] 마파두부","식당에서나 맛볼 수 있었던 정통 중화요리를 집에서도 조리해 먹을 수 있다면 얼마나 좋을까요? 언제 어디서든 간편하게 중화요리를 즐길 수 있도록 컬리가 기획부터 참여해 정성스럽게 준비한 중화요리를 소개할게요. 마파두부는 호불호 없이 남녀노소 누구나 즐기는 대중적인 중화 요리이기도 하죠. 사실 매운 맛이 특징인 사천 지방을 대표하는 음식이기도 한데요, 컬리가 준비한 화오미 마파두부는 부드러운 두부의 식감을 살려 너무 맵지 않게 완성했어요. 간단히 조리한 마파두부로 근사한 한 상을 준비해 보세요.",https://img-cf.kurly.com/shop/data/goodsview/20200603/gv30000098964_1.jpg
https://img-cf.kurly.com/shop/data/goods/1590657678748y0.jpg,[소중한식사] 양념 장어구이,마음 든든한 한 끼,"15,500원",0%,1팩,샛별배송 ONLY,250g,냉장/종이포장,,"- 대두, 밀 함유",수령일 포함 2일 남은 제품을 보내 드립니다.,,[],[],https://img-cf.kurly.com/shop/data/goodsview/20200528/gv20000097877_1.jpg,https://img-cf.kurly.com/shop/data/goodsview/20200528/gv20000097876_1.jpg,"마음 든든한 한 끼
[소중한식사]
양념 장어구이","장어구이를 쌀밥 위에 올려 먹으면 그렇게 든든할 수가 없어요. 밥그릇을 싹 비운 후에는 '참 잘 먹었다'라는 생각이 절로 들지요. 소중한 식사는 그 맛을 좀 더 간편하게 즐기실 수 있도록 밥 위에 바로 올려 먹는 양념 장어구이를 준비했습니다. 장어 한 마리를 정성스럽게 구워서 담고, 채썬 양파와 소스까지 알차게 구성했어요. 갓 지은 밥에 장어구이를 올려 약간만 더 데워주면 마음 든든한 한 끼가 간단하게 완성된답니다. 취향에 맞게 생강채, 무순 등을 곁들여보세요. 혹은 구이 그대로 데워서 드셔도 좋을 거예요.",https://img-cf.kurly.com/shop/data/goodsview/20200528/gv30000097875_1.jpg
https://img-cf.kurly.com/shop/data/goods/1591945447225y0.jpg,[화오미] 유산슬,다채로운 식감의 볶음 요리,"6,900원",0%,1봉,샛별배송/택배배송,250g,냉동/종이포장,,"-오징어,돼지고기,새우,대두,밀,조개류(굴),계란,닭고기 함유",수령일 포함 200일 이상 남은 상품을 보내드립니다.,,[],[],https://img-cf.kurly.com/shop/data/goodsview/20200611/gv00000100347_1.jpg,https://img-cf.kurly.com/shop/data/goodsview/20200611/gv00000100341_1.jpg,"다채로운 식감의 볶음 요리
[화오미] 유산슬","중국 요리를 대표하는 음식 중 하나인 유산슬은 육류와 해산물, 채소를 가늘게 썰어 볶은 후 걸쭉한 식감으로 완성한 요리입니다. 오늘 컬리가 준비한 화오미의 유산슬은 죽순채와 표고버섯을 비롯해 돼지고기, 오징어, 새우 등의 재료를 풍성히 넣어 완성했어요. 다양한 재료가 들어간 만큼 입안에서 느껴지는 다채로운 식감이 씹는 재미까지 선사한답니다. 밥 위에 부어 덮밥처럼 즐겨도 좋고, 입맛을 돋우는 안주 메뉴로 활용하기에도 제격이에요. 전자레인지에 데워 간단히 조리한 유산슬로 근사한 한 상을 준비해 보세요.",https://img-cf.kurly.com/shop/data/goodsview/20200611/gv30000100339_1.jpg
https://img-cf.kurly.com/shop/data/goods/1594967292232y0.jpg,[마이셰프] 장어 한 마리 덮밥,푸짐한 덮밥 한 그릇,"11,900원",0%,1펙,샛별배송/택배배송,220g,냉장/종이포장,,"- 알류, 우유, 대두, 밀, 쇠고기, 조개류(굴) 함유",수령일 포함 최소 4일 남은 제품을 보내 드립니다,,[],[],https://img-cf.kurly.com/shop/data/goodsview/20200717/gv40000108068_1.jpg,https://img-cf.kurly.com/shop/data/goodsview/20200717/gv10000108067_1.jpg,"푸짐한 덮밥 한 그릇
[마이셰프]
장어 한 마리 덮밥","좋은 식재료로 손쉽게 멋진 요리를 만들 수 있게 도와주는 밀키트 브랜드, 마이셰프로 기분 좋은 한 끼를 준비해 보세요. 장어 덮밥은 기운을 북돋워주는 든든한 식사지만, 집에서 챙겨 먹기에는 꽤 번거로운 음식인데요. 밥 한 공기만 준비하면 푸짐한 한 그릇을 간편하게 즐길 수 있는 마이셰프 장어 한 마리 덮밥 밀키트를 준비했어요. 달짝지근한 양념을 발라 잘 구워낸 장어 한 마리를 그대로 꾸려 넣었고요. 초생강, 고명 지단 등, 마무리를 장식할 토핑과 입맛 돋워 줄 생 와사비까지 동봉한 밀키트랍니다. 갓 지은 밥을 준비해 재료를 차곡차곡 쌓아 올려 근사한 장어 한 마리 덮밥을 간편하게 즐겨 보세요.",https://img-cf.kurly.com/shop/data/goodsview/20200717/gv40000108041_1.jpg
https://img-cf.kurly.com/shop/data/goods/1576033023959y0.jpg,[LOTS OF LOVE] 이태리식 토마토갈비찜,토마토의 감칠맛이 듬뿍 밴 갈비찜,"26,900원",0%,1팩,샛별배송/택배배송,800G,냉동/종이포장,소등갈비(호주산),"-소고기,토마토,대두,밀,아황산류 함유",,본 상품은 냉동 제품입니다.,[],[],https://img-cf.kurly.com/shop/data/goodsview/20191206/gv10000071688_1.jpg,https://img-cf.kurly.com/shop/data/goodsview/20191211/gv40000072469_1.jpg,"토마토의 감칠맛이 듬뿍 밴 갈비찜
[LOTS OF LOVE]
이태리식 토마토 갈비찜",보통 갈비찜이라고 하면 고춧가루와 간장으로 양념을 발라 매콤 짭짤하게 만든 것이나 설탕과 간장으로 달큰하게 조린 걸 상상할 거예요. 하지만 이번에 컬리가 준비한 갈비찜은 조금 더 특별해요. 진한 감칠맛의 토마토소스를 입혀 마치 이탈리아 레스토랑에서 먹는 듯한 느낌을 주는 요리랍니다. 한식처럼 당면이나 두꺼운 감자를 넣는 대신 새송이버섯과 연근으로 색다르면서도 다채로운 식감을 준 것도 매력적이에요. 혀를 아릿하게 만드는 향신료가 없으니 레드 와인에 곁들일 메인 요리로도 알맞을 거예요.,https://img-cf.kurly.com/shop/data/goodsview/20191211/gv20000071682_1.jpg
https://img-cf.kurly.com/shop/data/goods/1541398930929y0.jpg,[미트클레버] 숙성 한돈 목살 스테이크,양념과 육즙이 풍성히 어우러지는,"12,900원",0%,PK,샛별배송/택배배송,500g,냉동/종이포장,,- 돼지고기 함유,,,[],[],https://img-cf.kurly.com/shop/data/goodsview/20181105/gv30000034694_1.jpg,https://img-cf.kurly.com/shop/data/goodsview/20181105/gv40000034692_1.jpg,"양념과 육즙이 풍성히 어우러지는
[미트클레버] 숙성 한돈 스테이크","담백하고 부드러운 풍미로 사랑 받는 돼지 목살. 미트클레버는 한돈 중에서도 영주 소백산 쑥돈을 엄선, 쑥돈의 목살을 스테이크 두께로 도톰히 썰어 달짝지근한 양념에 골고루 재워놨어요. 포장을 뜯기만 하면 누구든 고품격 한돈 스테이크를 맛있게 구워 즐길 수 있답니다. 다년 간의 노하우로 잡내 없이 숙성된 목살이라 고소한 풍미며, 부드럽게 씹히는 육질이 남달라요. 기름을 최대한 제거했기에 더욱 깔끔히 즐길 수 있죠.

양념육이니 만큼 쏙 배어든 양념의 감칠맛을 놓칠 수 없겠죠? 어르신도 부담 없이 좋아할 대추의 천연 단맛, 이를 달콤히 품은 양념이 목살 사이로 깊이 스몄답니다. 계피 맛이 은은히 번지며 짭조름, 달큰한 풍미가 육즙과 함께 풍성히 어우러져요. 팩에 담겨 있으니 가정 외 캠핑, 피크닉 등 야외서도 간편하게 즐겨보세요.",https://img-cf.kurly.com/shop/data/goodsview/20181105/gv10000034691_1.jpg
https://img-cf.kurly.com/shop/data/goods/1576816537428y0.jpg,[외할머니댁] 김치삼겹찜,푸짐한 삼겹살이 올라간,"12,000원",0%,1팩,샛별배송/택배배송,700g,냉동/종이포장,,"- 우유, 대두, 밀, 새우, 돼지고기, 쇠고기, 조개류(바지락, 모시조개) 함유",,수령일 포함 165일 이상 남은 상품을 보내드립니다. (유통기한: 제조일로부터 1년),[],[],https://img-cf.kurly.com/shop/data/goodsview/20191220/gv20000074256_1.jpg,https://img-cf.kurly.com/shop/data/goodsview/20191220/gv30000074255_1.jpg,"푸짐한 삼겹살이 올라간
[외할머니댁] 김치삼겹찜","김치와 삼겹살의 만남만큼 군침 돌게 하는 조합이 또 있을까요. 컬리는 푸짐한 건더기로 든든한 외할머니댁의 김치삼겹찜을 가져왔어요. 묵은지는 국내산 배추로 만들고 1년 이상 묵혀 새콤한 감칠맛을 뽐내고, 두툼한 삼겹살은 먹기 좋게 슬라이스 되어있어 누구나 좋아할 만한 김치찜이죠. 바쁜 날 간편하게 데워서 뜨끈한 밥과 함께 식탁에 차리기만 하면 다른 반찬이 필요 없을 거예요.",https://img-cf.kurly.com/shop/data/goodsview/20191220/gv10000074254_1.jpg
https://img-cf.kurly.com/shop/data/goods/1589526644517y0.jpg,[느린마을] 소고기 육전,달걀물 입은 부드러운 홍두깨살,"7,500원",0%,1개,샛별배송/택배배송,,냉동/종이포장,,"- 계란, 밀, 대두, 쇠고기 함유",,,[],[],https://img-cf.kurly.com/shop/data/goodsview/20200515/gv30000095634_1.jpg,https://img-cf.kurly.com/shop/data/goodsview/20200515/gv20000095633_1.jpg,"달걀물 입은 부드러운 홍두깨살
[느린마을] 소고기 육전","집에서 전을 만들려고 하면 반죽의 농도를 맞추랴, 부재료를 준비하랴 은근히 손이 많이 가죠. 전 중에서도 육전은 명절에나 등장하는 음식인데요. 느린마을의 전 시리즈만 있으면 육전조차 수고로움 없이 먹을 수 있어요. 느린마을은 호주산 홍두깨살에 고운 달걀물을 입혀 한 장씩 곱게 구워 담았답니다. 전자레인지로도 바로 조리가 가능해 더없이 먹기 간편해요. 풍성한 술 안주로, 손님맞이 고급 음식으로 두루두루 활용해 보세요.",https://img-cf.kurly.com/shop/data/goodsview/20200515/gv00000074181_1.jpg
https://img-cf.kurly.com/shop/data/goods/1574338903215y0.jpg,[톰볼라] 볼로네제 라자냐,정통의 맛을 고스란히 품은,"22,000원",0%,1팩,샛별배송/택배배송,533g,냉동/종이포장,,"- 본 제품은 우유, 난류, 토마토, 시금치, 잣, 소고기, 돼지고기, 닭고기, 새우, 조개류를 사용한 제품과 같은 제조시설에서 제조하고 있습니다.",,냉장실에서 완전히 해동 후 조리해드시면 더 맛있게 즐기실 수 있습니다.,[],[],https://img-cf.kurly.com/shop/data/goodsview/20191122/gv10000069342_1.jpg,https://img-cf.kurly.com/shop/data/goodsview/20191122/gv00000069338_1.jpg,"정통의 맛을 고스란히 품은
[톰볼라] 볼로네제 라자냐","얇고 넓게 썬 파스타 면을 갖은 재료와 함께 층층히 빚어 올린 라자냐는 그 생김새만으로 마음을 앗아가는 메뉴예요. 수제 라자냐의 깊고 녹진한 풍미를 집에서도 만나보실 수 있도록, 컬리가 아주 특별한 기획을 준비했습니다. 서래마을 정통 이탈리안 레스토랑, 톰볼라의 볼로네제 라자냐를 그대로 담아 전해드릴게요. 깊고 따뜻한 그 맛을 위해, 홈메이드 라구소스와 베샤멜소스를 촉촉한 라자냐 면 사이사이 듬뿍 발라 넣었어요. 그라노파다노 치즈로 풍미를 더하고, 모짜렐라 치즈를 풍성히 얹어 이탈리안 가정식 특유의 클래식한 맛을 완성했답니다. 매장에서 조리한 상태 그대로 냉동해 보내드리니, 해동 후 알맞게 데워만 주세요. 한 입 가득 떠 먹으면 정감있는 이탈리아의 식사가 펼쳐질 거예요.",https://img-cf.kurly.com/shop/data/goodsview/20191122/gv00000069337_1.jpg
https://img-cf.kurly.com/shop/data/goods/1594713020253y0.jpg,[도리깨침] 탕평채,부드럽고 포근한 식감의 조화,"6,100원",0%,1개,샛별배송 ONLY,150g,냉장/종이포장,,"- 이 제품은 계란, 우유, 메밀, 땅콩, 대두, 밀, 고등어, 게, 새우, 돼지고기, 복숭아, 토마토, 호두, 닭고기, 오징어, 조개류(굴, 전복, 홍합 포함), 잣을 사용한 제품과 같은 제조시설에서 제조하고 있습니다.",수령일 포함 최소 3일 남은 제품을 보내드립니다.,청포묵은 15초간 데친 후 섭취하는 것을 안내드립니다.,[],[],https://img-cf.kurly.com/shop/data/goodsview/20200714/gv40000107184_1.jpg,https://img-cf.kurly.com/shop/data/goodsview/20200714/gv20000107183_1.jpg,"부드럽고 포근한 식감의 조화
[도리깨침] 탕평채","우리나라 오랜 전통의 반찬 탕평채를 간편하게 만나보세요. 도리깨침은 탱글한 청포묵에 볶은 소고기와 계란 지단, 김 가루를 풍성하게 더해 탕평채를 완성했어요. 소박한 듯 품격있는 조화가 느껴지는 맛에 간단한 반찬으로도, 손님맞이 한식 차림에 내기도 제격이죠. 부드럽게 씹히며 짜지 않으니 가족 누구나 즐길 수 있답니다. 최상의 맛을 위해 재료를 개별 포장해 보내드리니, 묵을 살짝 데친 후 재료들을 버무려 완성해보세요. 식탁에 포근한 맛이 더해질 거예요.",https://img-cf.kurly.com/shop/data/goodsview/20200714/gv00000107182_1.jpg
https://img-cf.kurly.com/shop/data/goods/1590657466523y0.jpg,[소중한식사] 초계 닭무침,입맛을 돋우는 알싸함,"4,300원",0%,1팩,샛별배송/택배배송,150g,냉장/종이포장,,"- 닭고기, 대두, 밀 함유",수령일 포함 2일 남은 제품을 보내 드립니다.,,[],[],https://img-cf.kurly.com/shop/data/goodsview/20200827/gv00000116650_1.jpg,https://img-cf.kurly.com/shop/data/goodsview/20200528/gv10000097867_1.jpg,"입맛을 돋우는 알싸함
[소중한식사] 초계 닭무침","입맛이 없어 무언가를 먹고 싶기는 하지만 뭐든 내키지 않을 때가 있어요. 이런 순간에는 알싸하면서도 상큼한 맛을 내는 초계 닭무침이 안성맞춤입니다. 소중한 식사는 겨자와 식초, 유자청을 절묘하게 배합해 딱 입맛을 살려주는 소스를 만들었어요. 여기에 닭고기와 오이, 양파, 파프리카 등을 넣고 가볍게 무쳐 산뜻하면서도 기분 좋은 반찬이 완성됐지요. 한 번 먹을 양으로만 담은 반찬이니 부담 없이 선택해보세요. 한 입 먹기만 해도 시원한 느낌을 받으실 수 있을 거예요.",https://img-cf.kurly.com/shop/data/goodsview/20200528/gv00000097866_1.jpg
https://img-cf.kurly.com/shop/data/goods/152842842285y0.jpg,[우오가시] 민물 양념장어,집에서 즐기는 든든한 장어구이,"25,000원",0%,EA,샛별배송/택배배송,1미/ 340g내외,냉동/종이포장,중국,"대두, 밀 함유",,원물의 특성 상 잔가시가 있는 점 구매 시 참고 바랍니다.,[],[],https://img-cf.kurly.com/shop/data/goodsview/20180611/gv10000025088_1.jpg,https://img-cf.kurly.com/shop/data/goodsview/20180618/gv20000025467_1.jpg,"집에서 즐기는 든든한 장어구이
[우오가시] 민물 양념장어","불포화지방산과 각종 비타민이 가득한 민물장어는 소금구이로 먹어도 좋지만, 양념을 발라 구우면 훨씬 더 맛깔스럽게 느껴져요. 컬리는 장어 전문점에 가지 않고도 집에서 양념장어를 즐기실 수 있도록 특별한 제품을 준비했습니다. 둘이서 나눠 먹어도 좋을 정도로 튼실한 장어에 일일이 양념장을 발라 미리 구웠지요. 접시에 간단하게 세팅하거나 밥 위에 얹어 일본식 장어덮밥인 우나기동을 만들어 드세요. 한 그릇을 뚝딱 드시고 나면 몸은 물론, 마음까지 든든해질 거예요.",https://img-cf.kurly.com/shop/data/goodsview/20180608/gv20000025021_1.jpg
https://img-cf.kurly.com/shop/data/goods/1594708483380y0.jpg,[도리깨침] 월남쌈,풍성한 재료에 담긴 다채로운 맛,"19,500원",10%,1개,샛별배송 ONLY,600g,냉장/종이포장,,"- 이 제품은 계란, 우유, 메밀, 땅콩, 대두, 밀, 고등어, 게, 새우, 돼지고기, 복숭아, 토마토, 호두, 닭고기, 오징어, 조개류(굴, 전복, 홍합 포함), 잣을 사용한 제품과 같은 제조시설에서 제조하고 있습니다.",수령일 포함 최소 3일 남은 제품을 보내드립니다.,,[],[],https://img-cf.kurly.com/shop/data/goodsview/20200714/gv30000107186_1.jpg,https://img-cf.kurly.com/shop/data/goodsview/20200714/gv40000107160_1.jpg,"풍성한 재료에 담긴 다채로운 맛
[도리깨침] 월남쌈","집에서 월남쌈 한 번 먹을까 싶어도 재료 준비가 번거로워 좀처럼 엄두가 나질 않죠. 도리깨침은 13가지 재료를 정갈하게 손질하고, 소스 두 종류에 라이스페이퍼까지 넉넉하게 챙겨 가정으로 보내드려요. 소고기는 얇게 썰어내어 두 가지 버섯과 함께 알맞게 조리하고, 다양한 야채는 가늘게 채썰어 식감과 보는 맛을 함께 더했습니다. 월남쌈을 취향에 따라 땅콩이나 칠리 소스에 살짝 찍어서 드세요. 넓은 그릇에 재료를 옮겨 담기만 해도 알록달록한 색감에 눈이 즐겁고, 풍성한 재료에 담긴 다채로운 맛까지 느낄 수 있답니다.",https://img-cf.kurly.com/shop/data/goodsview/20200714/gv00000107157_1.jpg
https://img-cf.kurly.com/shop/data/goods/1574051978408y0.jpg,[탐나는밥상] 부대찌개,손쉽게 완성하는 얼큰한 감칠맛,"15,000원",10%,1개,샛별배송/택배배송,450g / 육수 750mL,냉장/종이포장,,"-부대찌개 : 우유, 돼지고기, 닭고기, 쇠고기, 새우, 밀, 대두 함유",수령일 포함 최소 5일 남은 제품을 보내 드립니다,,[],[],https://img-cf.kurly.com/shop/data/goodsview/20191231/gv40000075936_1.jpg,https://img-cf.kurly.com/shop/data/goodsview/20191108/gv00000067518_1.jpg,"손쉽게 완성하는 얼큰한 감칠맛
[탐나는밥상] 부대찌개","추억의 재료들을 먹기 좋게 썰어 넣은 뒤 보글보글 끓여내는 부대찌개를 마다할 분은 없을 거예요. 마땅히 생각나는 메뉴가 없는 날, 부대찌개는 늘 좋은 선택이 되어주곤 하는데요. 이젠 간편하게 조리하는 밀키트 제품으로 나만의 부대찌개를 손쉽게 완성해 보세요. 탐나는밥상은 네 가지 종류의 햄과 소시지에 각종 채소와 치즈까지 아낌 없이 담아낸 부대찌개 밀키트를 선보여요. 국내산 다시마와 멸치, 무를 넣고 우려낸 다시육수와 사골육수를 배합해 감칠맛을 낸 부대찌개 육수까지 함께 구성해 넣었답니다. 재료를 모두 냄비에 붓고 한소끔 끓여내기만 하면 되니 간편하게 한 상을 완성해 보세요.",https://img-cf.kurly.com/shop/data/goodsview/20191118/gv20000067511_1.jpg
https://img-cf.kurly.com/shop/data/goods/1532336404830y0.jpg,[게방식당] 꼬막 비빔,화끈한 꼬막비빔밥 만들기,"18,000원",0%,1통,샛별배송/택배배송,300g,냉장/종이포장,,"- 대두, 밀, 새우, 참깨, 꼬막 함유",수령일 포함 최소 3일 이상 남은 제품을 보내드립니다.,"꼬막을 깨끗하게 선별하고 있으나, 상품의 특성상 작은 꼬막 껍질이 발견될 수 있습니다.",[],[],https://img-cf.kurly.com/shop/data/goodsview/20190315/gv20000044903_1.jpg,https://img-cf.kurly.com/shop/data/goodsview/20180723/gv30000027803_1.jpg,"화끈한 꼬막 비빔밥 만들기
[게방식당] 꼬막 비빔","간장 게장, 연어장, 새우장 등 맛깔스러운 장 요리로 선보여온 게방식당이 신메뉴, 꼬막 비빔으로 돌아왔어요. 간장으로 만든 꼬막 비빔이 아닌, 매콤한 게방식당의 특제 양념에 버무린 새빨간 꼬막 비빔입니다. 맛있는 꼬막 비빔의 필수조건은 두 가지! 첫째 꼬막이 쫄깃쫄깃해야 하고, 둘째 감칠맛 가득한 양념장이 꼬막의 비릿한 맛을 잘 잡아줘야 하죠. 게방식당의 꼬막 비빔은 이 모든 조건을 충족합니다. 국내산 새꼬막살을 청주가 섞인 물에 빠르게 데친 덕분에 꼬막 특유의 탱탱함이 잘 살아 있고요. 정신이 개운해질 정도로 매콤하고 깔끔한 양념 맛은 '역시 게방식당'이라는 생각을 하게 합니다. 따뜻한 밥에 원하는 양의 꼬막 비빔을 덜어 넣고 쓱쓱 싹싹 비벼 먹으면 달아난 입맛조차 확 살아날 거예요.",https://img-cf.kurly.com/shop/data/goodsview/20180723/gv40000027802_1.jpg
https://img-cf.kurly.com/shop/data/goods/1537420947454y0.jpg,[계절밥상] 숙성담은 한돈 불고기 2종,한돈 돼지고기를 특제 양념에 재운,"13,500원",0%,PK,샛별배송/택배배송,500g,냉동/종이포장,,"- 돼지고기, 대두, 밀 함유",,,"['[계절밥상] 숙성담은 간장 불고기', '[계절밥상] 숙성담은 고추장 불고기']","['13,500원', '12,500원']",https://img-cf.kurly.com/shop/data/goodsview/20180920/gv00000032490_1.jpg,https://img-cf.kurly.com/shop/data/goodsview/20180920/gv00000032485_1.jpg,"한돈 돼지고기를 특제 양념에 재운
[계절밥상]
숙성담은 한돈 불고기 2종","제철 식재료로 한식의 맛과 멋을 전하는 레스토랑, '계절밥상'의 시그니처 메뉴 중 하나는 돼지 불고기입니다. 돼지 불고기는 어른, 아이 모두가 좋아하는 집밥 단골 메뉴지요. 이제 계절밥상의 고유 노하우가 깃들어 더욱 특별한 숙성담은 한돈 불고기를 컬리에서 만나보세요. 계절밥상은 국내산 돼지고기 한돈을 특제 소스에 24시간 숙성시켜 불고기를 만들었어요. 양념이 촉촉하게 스며든 고기는 육즙이 풍부하고 부드러운 식감을 자랑하지요. 감칠맛이 일품인 비법 양념도 숙성담은 한돈 불고기의 매력으로 빼놓을 수 없답니다. 숙성담은 한돈 불고기는 고기와 양념을 쌀밥에 쓱 비벼서 먹어도 맛있고, 채소와 곁들여서 쌈으로 드시면 더욱 풍성하게 즐기실 수 있죠. 오늘 우리 집 저녁 메뉴가 고민된다면, 계절 밥상 숙성 담은 한돈 불고기로 식탁을 꾸려보세요. 밥을 잘 먹지 않는 아이까지 금세 한그릇 뚝딱 할테니까요.",https://img-cf.kurly.com/shop/data/goodsview/20180920/gv40000032484_1.jpg
https://img-cf.kurly.com/shop/data/goods/1565945751450y0.jpg,[산줄리아노] 소금구이 폭립,핑크 소금과 함께 즐기는,"16,900원",25%,1박스,샛별배송/택배배송,420g / 소금 5g,냉동/종이포장,,"-돼지고기, 대두, 밀, 쇠고기, 우유 함유",,,[],[],https://img-cf.kurly.com/shop/data/goodsview/20190816/gv20000059459_1.jpg,https://img-cf.kurly.com/shop/data/goodsview/20190816/gv40000059455_1.jpg,"핑크 소금과 함께 즐기는
[산줄리아노] 소금구이 폭립","도톰한 고기를 뜯으면 감칠맛이 풍부한 육즙이 배어나는 산줄리아노의 폭립을 이번에는 소스 대신 히말라야 핑크 소금과 함께 즐겨보세요. 돼지 한 마리에서 딱 두 쪽밖에 나오지 않는 로인립을 이용했습니다. 등심과 갈빗살이 함께 붙어 있어 담백하면서도 육향이 진하지요. 꼬박 하루에 걸쳐 핏물과 잡내를 제거한 폭립에 밑간을 하고 오븐에서 1차, 팬프라잉으로 2차 조리하여 냉동했어요. 동봉된 소금만 뿌려 먹어도 좋지만 생고추냉이를 살짝 얹어 먹는 것도 별미랍니다.",https://img-cf.kurly.com/shop/data/goodsview/20190816/gv00000059454_1.jpg
https://img-cf.kurly.com/shop/data/goods/1542098176611y0.jpg,[설성목장] 무항생제 한돈 고추장 불고기,"해동 필요 없는 냉장 양념육(100g당 판매가 : 2,380원)","11,900원",0%,1개,샛별배송/택배배송,500g,냉장/종이포장,국내산,"- 돼지고기, 대두, 밀, 함유",,해당 제품 냉장 제품입니다.,[],[],https://img-cf.kurly.com/shop/data/goodsview/20200916/gv30000121694_1.jpg,https://img-cf.kurly.com/shop/data/goodsview/20181113/gv00000035939_1.jpg,"해동 없이 간편한 냉장 양념육
[설성목장] 무항생제 한돈
고추장 불고기","야들야들, 붉은 양념에 촉촉히 물든 불고기 한 점이 간절해질 때가 있죠. 설성목장이 솜씨를 발휘해 준비한 고추장 불고기를 한돈, 무항생제 스펙으로 만나보세요. 건강하게 길러진 우리 한돈과 식품첨가물 없이 매콤 달콤하게 완성한 고추장 양념의 정직한 조화. HACCP 인증 시설에서 위생적으로 생산해 더욱 믿음이 가요. 빨간 양념은 보는 것과 달리 그리 맵지 않아 아이들도 맛있게 즐길 수 있지요. 조직이 치밀하고 담백한 앞다리살 부위를 엄선해 얇게 가공했기에 쫄깃쫄깃, 부드럽게 살아 있는 식감 역시 일품이랍니다. 무엇보다 ‘냉장육’이기에 신선한 풍미가 더욱 살아 있어요. 번거로이 해동하지 않아도 바로 조리할 수 있어 더욱 간편하답니다. 달궈진 프라이팬에 갖은 야채를 듬뿍 넣어 함께 구워낸다면, 성인 2인이서도 배부르게 즐길 수 있을 거예요.",https://img-cf.kurly.com/shop/data/goodsview/20181113/gv10000035938_1.jpg
https://img-cf.kurly.com/shop/data/goods/15919453661y0.jpg,[화오미] 어향가지,가지가 선사하는 정통 중화요리,"6,900원",0%,1팩,샛별배송/택배배송,250g,냉동/종이포장,,"-돼지고기,대두,밀,조개류(굴),닭고기 함유",수령일포함 200일 이상 남은 상품을 보내드립니다.,,[],[],https://img-cf.kurly.com/shop/data/goodsview/20200611/gv40000100352_1.jpg,https://img-cf.kurly.com/shop/data/goodsview/20200611/gv10000100350_1.jpg,"가지가 선사하는 정통 중화요리
[화오미] 어향가지","가지의 활용도는 생각보다 다양한 음식에서 빛을 발해요. 양념에 버무린 무침 요리부터 튀김이나 볶음 요리에도 가지 본연의 식감과 풍미가 잘 어울리기 때문이에요. 화오미의 어향가지는 가지와 잘게 다진 돼지고기를 넣고 사천식 어향 소스와 함께 볶아냈어요. 따로 튀기는 과정 없이 볶아내 가지의 부드러운 식감이 그대로 전해지지요. 전자레인지에 데우기만 하면 완성되니 준비 과정 또한 간편하답니다. 가지가 선사하는 정통 중화요리, 어향가지로 식탁을 풍성하게 꾸려보세요.",https://img-cf.kurly.com/shop/data/goodsview/20200611/gv30000100349_1.jpg
https://img-cf.kurly.com/shop/data/goods/1481725070905y0.jpg,[Kurly's] 함박 스테이크,손으로 하나하나 치대고 빚어낸,"11,000원",0%,1통,샛별배송/택배배송,350g,냉장/종이포장,,"- 달걀, 우유, 땅콩, 대두, 밀, 돼지고기, 토마토, 닭고기, 소고기, 조개류(굴), 아황산류 함유",수령일 포함 최소 3일 남은 제품을 보내드립니다,"냉장 유통 상품으로 장기간 보관이 어려우며, 최대한 빠른 시일 내에 섭취해주시기 바랍니다.",[],[],https://img-cf.kurly.com/shop/data/goodsview/20200922/gv10000123235_1.jpg,https://img-cf.kurly.com/shop/data/goodsview/20200922/gv00000123236_1.jpg,"손으로 하나하나 치대고 빚어낸
[Kurly's] 함박 스테이크","함박 스테이크는 친근한 맛과 다정다감한 모양새를 갖춘 요리 중 하나입니다. 하지만 만드는 과정은 그리 쉽지 않죠. 소고기와 돼지고기를 곱게 갈아 섞고, 찰기가 생길 때까지 치대고 곱게 빚은 후 타지 않게 조심조심 익혀야 하는 요리니까요. 컬리가 선보이는 함박 스테이크는 바로 이런 과정을 거쳐 탄생한 메뉴입니다. 손으로 하나하나 치대고 빚은 함박 스테이크를 잘 굽고, 진하고 고소한 특제 데미그라스 소스를 얹었어요. 양파와 감자까지 익혀 넣었으니 한 번 데운 후 빵이나 밥을 곁들여 든든하게 즐겨보세요.",https://img-cf.kurly.com/shop/data/goodsview/20190502/gv20000049269_1.jpg
https://img-cf.kurly.com/shop/data/goods/1561956123105y0.jpg,[게방찬] 주꾸미 볶음 350g(냉동),어디서나 간편하게 맛보는,"8,200원",0%,1팩,샛별배송/택배배송,350g,냉동/종이포장,,"- 조개류(개량조개, 바지락, 굴, 홍합 포함), 게, 오징어, 새우, 대두, 밀 함유",,기존의 트레이 패키지에서 파우치 패키지로 변경되었습니다.,[],[],https://img-cf.kurly.com/shop/data/goodsview/20200807/gv00000112001_1.jpg,https://img-cf.kurly.com/shop/data/goodsview/20200807/gv00000112000_1.jpg,"자꾸만 손이 가는 야들야들한 감칠맛
[게방찬] 주꾸미 볶음","톡 쏘는 매운맛 대신 은은한 매콤함과 달큰함으로 입맛 돋아줄 주꾸미 볶음을 준비했어요. 꼼꼼하게 엄선한 주꾸미를 깨끗하게 손질한 뒤 특제양념에 버무려 냉동한 제품이에요. 미쉐린 가이드에 선정된 게방식당이 선보이는 상품답게 한 번 맛보면 다시 맛보고 싶은 감칠맛을 자랑하지요. 약불에 지글지글 볶아주면 야들야들한 자태 뽐내는 주꾸미 볶음이 완성된답니다. 갓 지은 밥에 올려 비벼 드셔도 좋고, 익힌 콩나물, 김, 날치알 등 기호에 따라 재료를 준비해 쌈을 싸드시는 것도 추천해요.",https://img-cf.kurly.com/shop/data/goodsview/20190701/gv40000054685_1.jpg
https://img-cf.kurly.com/shop/data/goods/1525845873602y0.jpg,[Kurly's] 마르게리타 미트볼,토마토와 바질로 빚어낸 산뜻한 풍미,"12,000원",0%,1통,샛별배송/택배배송,400g,냉장/종이포장,,"-달걀, 우유, 대두, 밀, 돼지고기, 토마토, 닭고기, 소고기, 조개류(굴) 함유",수령일 포함 최소 3일 남은 제품을 보내드립니다,"냉장 유통 상품으로 장기간 보관이 어려우며, 최대한 빠른 시일 내에 섭취해주시기 바랍니다.",[],[],https://img-cf.kurly.com/shop/data/goodsview/20200922/gv40000123205_1.jpg,https://img-cf.kurly.com/shop/data/goodsview/20200922/gv20000123204_1.jpg,"토마토와 바질로 빚어낸 산뜻한 풍미
[Kurly's]
마르게리타 미트볼","미트볼은 언제나 환영받는 메뉴죠. 살짝 데워 스파게티나 펜네 등의 파스타와 섞어도 좋고, 반찬 투정하는 아이 밥반찬으로도 딱입니다. 컬리는 미트볼에 산뜻한 풍미를 더해 새로운 맛을 냈어요. 이 마르게리타 미트볼을 한 마디로 표현하자면 마르게리타 피자의 미트볼 버전이라고 할 수 있을 텐데요. 깊은 맛의 토마토소스며 바질잎, 진주처럼 빚어낸 모짜렐라 치즈가 미트볼과 근사하게 어우러져요. 특히 미트볼은 소고기와 돼지고기를 적당한 비율로 빚어 겉과 속이 모두 촉촉하고 부드럽지요. 잘 데운 후 소스와 한 입 크게 떠서 드셔보세요. 바질의 싱그러운 향과 향긋한 토마토소스, 촉촉한 미트볼의 색다른 만남을 즐기실 수 있을 거예요.",https://img-cf.kurly.com/shop/data/goodsview/20191231/gv10000076025_1.jpg
https://img-cf.kurly.com/shop/data/goods/1594273934275y0.jpg,[미자언니네] 누룽지 삼계탕,구수한 누룽지가 맛을 더하는 삼계탕,"9,800원",5%,1봉,샛별배송/택배배송,1kg,냉동/종이포장,,"- 닭고기, 소고기, 대구, 밀, 우유, 게, 새우, 조개류(홍합) 함유",,,[],[],https://img-cf.kurly.com/shop/data/goodsview/20200713/gv20000106746_1.jpg,https://img-cf.kurly.com/shop/data/goodsview/20200709/gv00000106296_1.jpg,"구수한 누룽지가 맛을 더하는
[미자언니네] 누룽지 삼계탕","몸보신 음식이라 하면, 아마 열에 아홉은 삼계탕을 떠올릴 거예요. 다양한 삼계탕 중에서도, 닭고기 속에 구수한 누룽지와 다양한 재료를 채워 넣은 미자언니네 누룽지 삼계탕이라면 든든한 보양식이 되어줄 수 있죠. 국내산 닭에 누룽지와 찹쌀, 수삼, 대추를 넣고 육수에서 푹 익히다가 미자언니네 특제 꽃게 액젓으로 맛을 냈어요. 부들부들해진 닭고기를 갈라 보면, 부드러운 단맛을 더해주는 단호박도 들어있죠. 1인에 알맞은 양이니 속까지 뜨끈하게 익혀서 즐겨보세요.",https://img-cf.kurly.com/shop/data/goodsview/20200709/gv00000106295_1.jpg
https://img-cf.kurly.com/shop/data/goods/1590480118507y0.jpg,[바비엔] 양념이 쏙 밴 코다리 조림,알차게 꾸린 코다리 요리 키트,"9,800원",0%,1팩,샛별배송/택배배송,컨텐츠참조,냉장/종이포장,,"-대두,밀함유",수령일 포함 최소 2일 남은 제품을 보내 드립니다,,[],[],https://img-cf.kurly.com/shop/data/goodsview/20200519/gv10000096085_1.jpg,https://img-cf.kurly.com/shop/data/goodsview/20200519/gv10000096082_1.jpg,"알차게 꾸린 코다리 요리 키트
[바비엔] 양념이 쏙 밴
코다리 조림","바비엔의 양념이 쏙 밴 코다리 조림으로 온 가족을 위한 푸짐한 한 끼를 마련해 보세요. 손쉽게 준비하고 간편하게 조리할 수 있도록 모든 재료를 한데 담은 밀키트 상품인데요. 꼼꼼하게 손질한 코다리는 물론이고, 국물에 깔끔함을 더해 줄 채소들도 함께 꾸려 넣었어요. 입에 착 감기는 양념팩까지 동봉돼 있어 따로 간 맞출 필요가 없으니 더욱 간편하답니다. 쫄깃 담백한 코다리 살에 짭짤한 양념이 고루 배어 있어 밥 한 공기를 금세 비울 수 있을 거예요.",https://img-cf.kurly.com/shop/data/goodsview/20200519/gv40000096081_1.jpg
https://img-cf.kurly.com/shop/data/goods/1589526718581y0.jpg,[느린마을] 녹두전,고사리와 고기를 품은 고소한 녹두,"6,900원",0%,1개,샛별배송/택배배송,,냉동/종이포장,,"- 밀, 대두, 돼지고기, 쇠고기 함유",,,[],[],https://img-cf.kurly.com/shop/data/goodsview/20200515/gv40000095629_1.jpg,https://img-cf.kurly.com/shop/data/goodsview/20200515/gv40000095635_1.jpg,"고사리와 고기를 품은 고소한 녹두
[느린마을] 녹두전","집에서 전을 만들려고 하면 반죽의 농도를 맞추랴, 부재료를 준비하랴 은근히 손이 많이 가죠. 특히 녹두전은 김치전이나 파전과 비교했을 때 조리 난이도가 높은 편인데요. 느린마을의 전 시리즈만 있으면 집에서도 맛있는 녹두전을 간편하게 즐길 수 있어요. 녹두, 밀가루, 전분 등에 고사리, 돼지고기, 배추, 숙주 등을 넣고 반죽한 뒤 먹기 알맞은 크기로 부쳐 내었죠. 따뜻하게 데운 뒤 기호에 따라 간장, 양파절임 등을 곁들여 즐겨 보세요.",https://img-cf.kurly.com/shop/data/goodsview/20191220/gv40000074187_1.jpg
https://img-cf.kurly.com/shop/data/goods/1593754281224y0.jpg,[동성로로타리] 불맛나는 국물닭발,쫀득한 닭발과 매콤한 국물,"9,900원",10%,1팩,샛별배송/택배배송,500g,냉동/종이포장,,"- 닭고기, 쇠고기, 밀, 대두, 우유, 조개류(굴) 함유",,,[],[],https://img-cf.kurly.com/shop/data/goodsview/20200703/gv30000105353_1.jpg,https://img-cf.kurly.com/shop/data/goodsview/20200703/gv20000105345_1.jpg,"쫀득한 닭발과 매콤한 국물
[동성로로타리]
불맛나는 국물닭발","양념을 입혀 바싹 구워낸 닭발도 좋지만, 자작하게 졸여낸 국물 닭발의 매력도 빼놓을 수 없죠. 동성로로타리는 닭발을 직화로 초벌한 뒤, 매콤한 양념 육수를 붓고 한차례 끓여 주었는데요. 닭발에 밴 불맛이 국물에 은은하게 스며들어 입에 착 감기는 깊은 감칠맛까지 일품이랍니다. 발목 뼈만 남기고 잔뼈를 깔끔하게 제거한 닭발을 사용해, 쏙쏙 발라 먹는 재미는 놓치지 않으면서도 더욱 손쉽게 즐길 수 있을 거예요. 숙주, 대파 등의 야채를 추가하거나 남은 국물을 활용하여 우동, 볶음밥 등의 요리를 만들어 더욱 푸짐하게 즐겨 보세요.",https://img-cf.kurly.com/shop/data/goodsview/20200703/gv30000105344_1.jpg
https://img-cf.kurly.com/shop/data/goods/1591177208425y0.jpg,[화오미] 어향육슬,매콤하게 볶은 중국식 반찬,"6,900원",0%,1팩,샛별배송/택배배송,250g,냉동/종이포장,,"-돼지고기, 계란, 대두, 밀, 조개류(굴), 닭고기 함유",수령일 포함 200일 이상 남은 제품을 보내드립니다.,,[],[],https://img-cf.kurly.com/shop/data/goodsview/20200603/gv30000098973_1.jpg,https://img-cf.kurly.com/shop/data/goodsview/20200603/gv00000098971_1.jpg,"매콤하게 볶은 중국식 반찬
[화오미] 어향육슬","식당에서나 맛볼 수 있었던 정통 중화요리를 집에서도 조리해 먹을 수 있다면 얼마나 좋을까요? 언제 어디서든 간편하게 중화요리를 즐길 수 있도록 컬리가 기획부터 참여해 정성스럽게 준비한 중화요리를 소개할게요. 어향육슬은 돼지고기와 채소를 볶아 만든 쓰촨식 요리로, 양념으로 생선 향을 내는 것이 특징이에요. 매콤하면서도 새콤 달콤한 풍미가 어우러져 입맛 돋우는 반찬으로 제격이지요. 간단히 조리한 어향육슬로 근사한 한 상을 준비해 보세요.",https://img-cf.kurly.com/shop/data/goodsview/20200603/gv30000098970_1.jpg
https://img-cf.kurly.com/shop/data/goods/1594963137808y0.jpg,[마이셰프] 감바스알아히요 & 바게트,감바스와 오일 파스타를 한 팩에,"19,800원",0%,1팩,샛별배송/택배배송,799g,냉장/종이포장,,"- 알류, 우유, 대두, 밀 함유",수령일 포함 최소 4일 남은 제품을 보내 드립니다,,[],[],https://img-cf.kurly.com/shop/data/goodsview/20200717/gv20000108005_1.jpg,https://img-cf.kurly.com/shop/data/goodsview/20200717/gv00000108004_1.jpg,"감바스와 오일 파스타를 한 팩에
[마이셰프]
감바스알아히요 & 바게트","좋은 식재료로 손쉽게 멋진 요리를 만들 수 있게 도와주는 밀키트 브랜드, 마이셰프로 기분 좋은 한 끼를 준비해 보세요. 마이셰프의 감바스알하이요 & 바게트는 홈파티나 안주가 필요한 분위기 좋은 날 제격이랍니다. 새우살은 물론이고 문어, 바게트가 포함돼 메인 재료부터 푸짐하고요. 마늘, 건고추, 블랙 올리브 등 부재료도 넉넉해 풍미를 한층 돋워주죠. 피날레를 장식해 줄 파스타면까지 포함돼 있으니 한 팩으로 두 가지 요리를 완성할 수 있답니다.",https://img-cf.kurly.com/shop/data/goodsview/20200717/gv00000108003_1.jpg
https://img-cf.kurly.com/shop/data/goods/1594963283531y0.jpg,[마이셰프] 소고기고추잡채 & 꽃빵,구성품 탄탄한 중화요리 밀키트,"18,900원",5%,1팩,샛별배송/택배배송,895g,냉장/종이포장,,"- 대두, 밀, 조개류(굴) 함유",수령일 포함 최소 4일 남은 제품을 보내 드립니다,,[],[],https://img-cf.kurly.com/shop/data/goodsview/20200717/gv20000108012_1.jpg,https://img-cf.kurly.com/shop/data/goodsview/20200717/gv30000108011_1.jpg,"구성품 탄탄한 중화요리 밀키트
[마이셰프]
소고기고추잡채 & 꽃빵","좋은 식재료로 손쉽게 멋진 요리를 만들 수 있게 도와주는 밀키트 브랜드, 마이셰프로 기분 좋은 한 끼를 준비해 보세요. 재료 준비부터 조리법까지 어쩐지 복잡하게 느껴지는 고추잡재도 마이셰프로 간단하게 만들 수 있답니다. 핵심 재료인 고추맛 추출 기름과 전분 가루가 개별 포장되어 들어있고요. 죽순을 포함한 채소를 다양하게 구성해 더욱 풍성하게 즐길 수 있어요. 꽃빵은 넉넉하게 8개를 넣었으니 여럿이서 나눠보세요.",https://img-cf.kurly.com/shop/data/goodsview/20200717/gv30000108010_1.jpg
https://img-cf.kurly.com/shop/data/goods/1596441801165y0.jpg,[테이스티반점] 청경채 삼겹장육,입에 착 붙는 짭조름한 감칠맛,"12,500원",5%,1묶음,샛별배송/택배배송,450g,냉장/종이포장,,"- 대두, 밀, 돼지고기, 조개류(굴) 함유",수령일 포함 최소 5일 남은 제품을 보내 드립니다,,[],[],https://img-cf.kurly.com/shop/data/goodsview/20200803/gv10000111130_1.jpg,https://img-cf.kurly.com/shop/data/goodsview/20200803/gv40000111121_1.jpg,"입에 착 붙는 짭조름한 감칠맛
[테이스티반점]
청경채 삼겹장육","동파육은 윤기가 흐르는 살코기와 입에 착 붙는 소스의 조화가 일품이지요. 동파육을 모티브로 만든 테이스티반점의 청경채 삼겹장육을 만나 보세요. 고기를 푸욱 삶아내 촉촉한 식감을 살리고, 살짝 매콤한 듯 감칠맛 가득한 비법 소스로 맛을 더했답니다. 중식 특유의 향긋하고도 독특한 풍미가 잘 살아 있어 더욱 매력적이지요. 이제 집에서도 손쉽게 멋스러운 중식 요리를 완성할 수 있을 거예요.",https://img-cf.kurly.com/shop/data/goodsview/20200803/gv40000111108_1.jpg
https://img-cf.kurly.com/shop/data/goods/1508217789784y0.jpg,[위드진해] LA 양념갈비,특제 간장 소스로 입맛을 살리는,"19,900원",0%,PK,샛별배송/택배배송,600g (고기 400g),냉동/종이포장,,,,,[],[],https://img-cf.kurly.com/shop/data/goodsview/20190809/gv10000058970_1.jpg,https://img-cf.kurly.com/shop/data/goodsview/20171017/gv40000009863_1.jpg,"특제 간장 소스로 입맛을 살리는
[위드진해] LA 양념갈비","남녀노소를 불문하고 모두가 좋아하는 바로 그 맛, 달콤 짭조름한 양념 갈비만큼이나 입맛을 살리는 밥반찬이 또 있을까요? 맛있는 LA 양념갈비의 기본은 바로 실하고 부드러운 갈빗살과 진한 감칠맛이 감도는 맛있는 양념에서 시작되죠. 이 둘의 조합만 제대로 이뤄진다면 앉은 자리에서 갈비 몇 대를 해치우는 건 일도 아닐 거예요. 컬리에서는 위드진해만의 비법으로 만든 특제 간장 소스로 재워 더욱 맛있는 LA 양념갈비를 준비했습니다. 달큼하고 짭조름한 LA 양념갈비로 지친 입맛을 되살려보세요.",https://img-cf.kurly.com/shop/data/goodsview/20171017/gv20000009862_1.jpg
https://img-cf.kurly.com/shop/data/goods/1524452570751y0.jpg,[델리치오] 와규 함박스테이크,와규 80% 함유로 더 맛있게 즐기는 경양식 한 상,"13,000원",0%,PK,샛별배송/택배배송,300g / 2개입,냉동/종이포장,,"- 소고기, 대두, 밀 함유",,,[],[],https://img-cf.kurly.com/shop/data/goodsview/20180430/gv20000022374_1.jpg,https://img-cf.kurly.com/shop/data/goodsview/20180423/gv10000021965_1.jpg,"와규로 완성한 경양식 한 상
[델리치오] 와규 함박 스테이크","많은 분들이 경양식에 얽힌 추억을 하나쯤 가지고 계실 거예요. 예전에는 가족의 단골 외식 장소로, 현재에 와서는 옛 정취를 되살리는 맛집으로 인기를 얻는 경양식 가게에서 꾸준히 사랑받는 메뉴라 하면 역시 함박 스테이크겠죠. 어느 곳이나 각기 다른 맛과 개성으로 만족감을 주지만 가끔은 집에서 취향대로 함박 스테이크를 만들어 먹고 싶을 때가 있는데요. 델리치오의 와규 함박 스테이크가 있다면 집에서도 맛있는 경양식을 즐기실 수 있을 거예요. 델리치오는 호주산 와규 외에는 그 어떤 고기도 사용하지 않고 특제 양념을 더해 감칠맛 나는 함박 스테이크를 빚었습니다. 팬에서 노릇노릇하게 구운 후 샐러드, 빵, 계란 프라이 등을 곁들여 드셔보세요. 소스와 함께 졸이듯이 익혀 부드럽게 먹어도 맛있습니다.



영상으로 미리 만나는 와규 함박스테이크",https://img-cf.kurly.com/shop/data/goodsview/20180423/gv20000021964_1.jpg
https://img-cf.kurly.com/shop/data/goods/1531301412494y0.jpg,[진가네반찬] 순살 닭볶음탕,뼈가 없어 더 간편하고 맛있는,"11,900원",0%,PK,샛별배송/택배배송,600g,냉장/종이포장,,"- 대두, 밀, 닭고기 함유",수령일 포함 최소 3일 남은 제품을 보내드립니다,"2020-09-05 이후 구매 상품부터, 컷팅용 칼이 동봉되지 않습니다.",[],[],https://img-cf.kurly.com/shop/data/goodsview/20180711/gv30000027088_1.jpg,https://img-cf.kurly.com/shop/data/goodsview/20180711/gv00000027084_1.jpg,"뼈가 없어 더 간편하고 맛있는
[진가네반찬] 순살 닭볶음탕","갓 지은 밥 위에 야들야들한 닭고기를 올려 한 입, 뜨끈하고 매콤한 국물 한 술, 그리고 포슬포슬한 감자를 다시 한 입. 이렇게 먹다 보면 닭볶음탕 한 냄비를 비우는 건 문제도 아니에요. 남은 국물에 밥을 볶아 마무리하면 참 잘 먹었다는 생각이 절로 들죠. 그러나 가족수가 많지 않으면 집에서 닭볶음탕을 해 먹기는 조금 어렵습니다. 닭볶음탕 먹자고 이것저것 재료를 사기에도 아깝고, 남은 뼈를 처리하는 것도 마땅치가 않아요.

그래서 진가네반찬은 이런 고민과 어려움을 한 번에 해소할 요리를 만들었습니다. 뼈 없이 부드러운 순살만을 요리해 닭고기의 쫄깃한 식감을 즐기기에도 좋고, 자작할 정도로만 국물을 내어 닭볶음처럼 가볍게 즐길 수 있어요. 2인이 넉넉하게 먹을 수 있는 양이라 소가족에게도 부담이 적지요. 진가네의 노하우를 살려 매콤 달콤, 맛있게 만들었으니 냄비에 옮겨 담은 후 살짝 끓여서 드세요. 취향에 따라 야채를 조금 더 더하거나 남은 국물에 밥을 볶아서 드셔도 맛있습니다.",https://img-cf.kurly.com/shop/data/goodsview/20180711/gv40000027083_1.jpg
https://img-cf.kurly.com/shop/data/goods/1590485404365y0.jpg,[느린마을] 해물파전,데우기만 하면 되는 초간단 파전,"6,900원",0%,1개,샛별배송/택배배송,,냉동/종이포장,,"- 밀, 대두, 쇠고기, 오징어, 새우, 조개류(바지락, 홍합) 함유",,,[],[],https://img-cf.kurly.com/shop/data/goodsview/20200526/gv00000097348_1.jpg,https://img-cf.kurly.com/shop/data/goodsview/20200526/gv40000097349_1.jpg,"데우기만 하면 되는 초간단 파전
[느린마을] 해물파전","집에서 전을 만들려고 하면 반죽의 농도를 맞추랴, 부재료를 준비하랴 은근히 손이 많이 가죠. 느린마을의 전 시리즈만 있으면 식감 재미난 해물파전을 간편하게 즐길 수 있어요. 쪽파, 밀가루, 전분에 오징어와 새우살 등을 넣고 정성스레 반죽하여 먹기 딱 좋은 크기로 부쳐 냈답니다. 맛이 강하지 않은 쪽파를 사용했기 때문에 파를 별로 좋아하지 않는 분들도 가볍게 드시기 좋아요. 용기 그대로 넣고 전자레인지로도 조리가 가능하니 더없이 간편할 거예요.",https://img-cf.kurly.com/shop/data/goodsview/20191220/gv40000074190_1.jpg
https://img-cf.kurly.com/shop/data/goods/1546395176191y0.jpg,[게방식당] 새우 비빔,매콤한 양념장에 숨은 탱글한 속살,"13,000원",0%,1통,샛별배송/택배배송,360g,냉장/종이포장,,"- 대두, 밀, 새우, 함유",수령일 포함 최소 3일 이상 남은 제품을 보내드립니다.,,[],[],https://img-cf.kurly.com/shop/data/goodsview/20190315/gv20000044902_1.jpg,https://img-cf.kurly.com/shop/data/goodsview/20190102/gv00000040504_1.jpg,"매콤한 양념장에 숨은 탱글한 속살
[게방식당] 새우 비빔",매콤한 특제 양념장이 일품인 게방식당의 '양념 새우'는 컬리에서 꾸준히 사랑받는 메뉴 중 하나입니다. 하지만 한 가지 아쉬운 점이라면 직접 새우의 꼬리와 머리를 제거해야만 했다는 건데요. 이번에 소개하는 새우 비빔에는 미리 손질된 새우 속살이 양념장에 먹음직스럽게 버무려져 있어요. 새우살의 크기도 손가락 한 마디 정도로 한 입에 바로 넣기 딱 좋아요. 통에 든 새우와 양념을 적당하게 건져 따뜻한 밥에 비벼 보세요. 탱글탱글한 새우와 게방식당의 노하우가 깃든 알싸하고 중독적인 양념장 맛에 반하게 될 거예요.,https://img-cf.kurly.com/shop/data/goodsview/20190102/gv20000040503_1.jpg
